IK;Entlassender-Standort;Entgeltbereich;KH-internes-Kennzeichen;Versicherten-ID;Vertragskennzeichen-64b-Modellvorhaben;IK-der-Krankenkasse;Geburtsjahr;Geburtsmonat;Geschlecht;PLZ;Wohnort;Aufnahmedatum;Aufnahmeanlass;Aufnahmegrund;Fallzusammenführung;Fallzusammenführungsgrund;Aufnahmegewicht;Entlassungsdatum;Entlassungsgrund;Alter-in-Tagen-am-Aufnahmetag;Alter-in-Jahren-am-Aufnahmetag;Patientennummer;Interkurrente-Dialysen;Beatmungsstunden;Behandlungsbeginn-vorstationär;Behandlungstage-vorstationär;Behandlungsende-nachstationär;Behandlungstage-nachstationär;IK-Verlegungs-KH;Belegungstage-in-anderem-Entgeltbereich;Beurlaubungstage-PSY;KennungBesonderer-Fall-Modellvorhaben;Verweildauer-Intensiv
260000000;773777000;DRG;2544808393;H114034000;;101500155;1990;1;m;80156;Tuwfisab;202212100006;E;0401;N;;0;202212102359;19;0;10;3536710928;;;20221210;1;;0;;;;;0,00
260000000;773777000;PIA;5832255269;H114034001;;101500155;1991;2;w;53290;Ostutme;202207011340;E;;N;;0;202207012358;;0;81;8360710931;;;;0;;0;;;;;0,00
260000000;773777000;DRG;8896571945;H114034002;;101500155;1990;1;m;76810;Vipehiido;202212160752;E;0101;N;;0;202212171737;19;0;59;5199434063;;;;0;;0;;;;;0,00
260000000;773777000;DRG;6810775041;H114034003;;101500155;1991;2;w;67905;Lilaut;202112221705;V;0102;N;;0;202201181124;19;0;17;2167280836;;;;0;;0;;;;;0,00
260000000;773777000;PIA;8569972100;H114034004;;101500155;1990;1;m;25057;Curfoore;202204011638;E;;N;;0;202204012358;;0;60;5403753056;;;;0;;0;;;;;0,00
260000000;773777000;DRG;4283645704;H114034005;;101500155;1991;2;w;66953;Wedwotko;202204111717;N;0107;N;;0;202204141123;12;0;10;5050568703;;;;0;;0;;;;;0,00
260000000;773777000;DRG;5405232364;H114034006;;101500155;1990;1;m;19766;Ahwopop;202208021200;E;0401;N;;0;202208022359;19;0;81;1231403028;;;20220802;1;;0;;;;;0,00
260000000;773777000;DRG;9248773938;H114034007;;101500155;1991;2;w;77412;Pimbodpat;202207011048;E;0301;N;;0;202208121600;19;0;59;2674644035;;;;0;;0;;;;;0,00
260000000;773777000;PIA;3510623156;H114034008;;101500155;1990;1;m;89222;Teforkod;202204011534;E;;N;;0;202204012358;;0;17;6623554530;;;;0;;0;;;;;0,00
260000000;773777000;DRG;2714464581;H114034009;;101500155;1991;2;w;30862;Fonukhab;202212011024;E;0201;N;;0;202212021157;19;0;60;1300114151;;;20221020;1;;0;;;;;0,00
260000000;773777000;PIA;9712580882;H114034010;;101500155;1990;1;m;92017;Jokafaw;202209011416;E;;N;;0;202209012358;;0;10;4890033663;;;;0;;0;;;;;0,00
260000000;773777000;PIA;2547370335;H114034011;;101500155;1991;2;w;97983;Bozjesen;202206201255;E;;N;;0;202206202358;;0;81;9601441268;;;;0;;0;;;;;0,00
260000000;773777000;DRG;9619452324;H114034012;;101500155;1990;1;m;75079;Boerdo;202207150731;E;0401;N;;0;202207152359;19;0;59;2370124390;;;20220715;1;;0;;;;;0,00
260000000;773777000;DRG;6299531073;H114034013;;101500155;1991;2;w;55337;Rurubgo;202202071450;V;0107;N;;0;202202101638;69;0;17;6899910461;;;;0;;0;;;;;0,00
260000000;773777000;DRG;3294877006;H114034014;;101500155;1990;1;m;6303;Vevando;202208021146;N;0107;N;;0;202208121238;19;0;60;0997168532;;;;0;;0;;;;;0,75
260000000;773777000;DRG;8085955697;H114034015;;101500155;1991;2;w;61702;Guowom;202208071001;N;0107;N;;0;202208201304;12;0;10;6733765951;;;;0;;0;;;;;0,00
260000000;773777000;PIA;9776461211;H114034016;;101500155;1990;1;m;93277;Upuvite;202201181150;E;;N;;0;202201182358;;0;81;1871618519;;;;0;;0;;;;;0,00
260000000;773777000;PIA;5718029939;H114034017;;101500155;1991;2;w;27501;Limazef;202201031307;E;;N;;0;202201032358;;0;59;4492826547;;;;0;;0;;;;;0,00
260000000;773777000;DRG;7157454920;H114034018;;101500155;1990;1;m;44379;Faowwo;202208290930;E;0101;N;;0;202209131122;19;0;17;1667949298;;;;0;;0;;;;;5,00
260000000;773777000;DRG;3842076247;H114034019;;101500155;1991;2;w;57638;Biimori;202212020628;E;0201;N;;0;202212041333;12;0;60;7471464933;;;20221201;1;;0;;;;;0,00
260000000;773777000;DRG;2998800412;H114034020;;101500155;1990;1;m;60767;Wocbemwem;202205110953;N;0107;N;;0;202205131328;12;0;10;0272790051;;;;0;;0;;;;;0,00
260000000;773777000;DRG;1778331401;H114034021;;101500155;1991;2;w;72998;Putpatpiz;202204081004;N;0107;N;;0;202204101400;19;0;81;8620000155;;;;0;;0;;;;;0,00
260000000;773777000;PIA;7792536424;H114034022;;101500155;1990;1;m;62119;Tecedmi;202201031403;E;;N;;0;202201032358;;0;59;3516014256;;;;0;;0;;;;;0,00
260000000;773777000;PIA;4190951073;H114034023;;101500155;1991;2;w;40541;Ipetubiw;202207081233;E;;N;;0;202209292358;;0;17;2485585175;;;;0;;0;;;;;0,00
260000000;773777000;DRG;2655811349;H114034024;;101500155;1990;1;m;22370;Lidhuwad;202202101819;B;;N;;0;202202111349;;;60;8970130469;;;;0;;0;;;;;0,00
260000000;773777000;DRG;1766486855;H114034025;;101500155;1991;2;w;27698;Zebvenwe;202202170900;E;0101;N;;0;202203021116;19;0;10;9477410912;;;;0;;0;;;;;0,00
260000000;773777000;DRG;1799868515;H114034026;;101500155;1990;1;m;48379;Dedwifdi;202204110922;E;0101;N;;0;202204201100;19;0;81;2306852452;;;;0;;0;;;;;1,75
260000000;773777000;DRG;4717710623;H114034027;;101500155;1991;2;w;94752;Burgenid;202203080803;E;0101;N;;0;202203101700;19;0;59;7249136479;;;;0;;0;;;;;0,00
260000000;773777000;DRG;1070200493;H114034028;;101500155;1990;1;m;55862;Wewobga;202202240833;E;0101;N;;0;202202261409;19;0;17;3085275739;;;;0;;0;;;;;0,00
260000000;773777000;DRG;3985623721;H114034029;;101500155;1991;2;w;45980;Ozalaswo;202206281000;E;0401;N;;0;202209012359;19;0;60;6686805924;;;20220628;2;;0;;;;;0,00
260000000;773777000;PSY;5278646237;H114034030;;101500155;1990;1;m;17142;Nuakom;202207280844;E;0301;N;;0;202210051147;19;0;10;4107099028;;;;0;;0;;;;;0,00
260000000;773777000;DRG;5076465691;H114034031;;101500155;1991;2;w;37068;Ibajuwtaf;202212151231;E;0401;N;;0;202212152359;19;336;81;6578523707;;;20221215;1;;0;;;;;0,00
260000000;773777000;DRG;5147173619;H114034032;;101500155;1990;1;m;62338;Natarez;202208290842;E;0101;N;;0;202209011038;19;0;59;1036499555;;;;0;;0;;;;;0,00
260000000;773777000;PIA;1466917554;H114034033;;101500155;1991;2;w;64704;Ithufjec;202207011542;E;;N;;0;202207012358;;0;17;6244631394;;;;0;;0;;;;;0,00
260000000;773777000;PIA;7521713061;H114034034;;101500155;1990;1;m;74606;Zubbeece;202204281633;E;;N;;0;202205302358;;0;60;2043725796;;;;0;;0;;;;;0,00
260000000;773777000;DRG;7941370050;H114034035;;101500155;1991;2;w;6877;Dognasol;202211161008;E;0201;N;;0;202212011547;19;0;10;6204368867;;;20221111;1;;0;;;;;0,75
260000000;773777000;DRG;6881460183;H114034036;;101500155;1990;1;m;29750;Powgipit;202209070730;E;0301;N;;0;202209081608;12;0;81;5233038902;;;;0;;0;;;;;0,00
260000000;773777000;DRG;1075131869;H114034037;;101500155;1991;2;w;89483;Cakoguc;202204110737;E;0101;N;;0;202204121602;12;0;59;6098030581;;;;0;;0;;;;;0,00
260000000;773777000;DRG;3605809843;H114034038;;101500155;1990;1;m;90840;Ujizuhi;202210241749;B;;N;;0;202211301735;;;17;7124533153;;;;0;;0;;;;;0,00
260000000;773777000;DRG;218636553;H114034039;;101500155;1991;2;w;45123;Mivpumol;202208260700;E;0101;N;;0;202208281235;19;0;60;6845929523;;;;0;;0;;;;;0,00
260000000;773777000;DRG;5960223222;H114034040;;101500155;1990;1;m;19829;Musejiok;202210310924;E;0401;N;;0;202210312359;19;0;10;1441832806;;;20221031;1;;0;;;;;0,00
260000000;773777000;DRG;489343542;H114034041;;101500155;1991;2;w;24951;Zadzowuje;202209032326;N;0107;N;;5480;202209061021;19;41;81;1497466818;;;;0;;0;;;;;0,00
260000000;773777000;PIA;7326578256;H114034042;;101500155;1990;1;m;8430;Irlizkuc;202208081001;E;;N;;0;202208082358;;0;59;0443074985;;;;0;;0;;;;;0,00
260000000;773777000;PIA;738687379;H114034043;;101500155;1991;2;w;78282;Tawjaclaz;202205051028;E;;N;;0;202205062358;;0;17;4787762038;;;;0;;0;;;;;0,00
260000000;773777000;DRG;7229598801;H114034044;;101500155;1990;1;m;44594;Deukevi;202203090915;E;0101;N;;2310;202203211214;19;1;60;3403949878;;7;;0;;0;;;;;0,50
260000000;773777000;DRG;7857207120;H114034045;;101500155;1991;2;w;38010;Apzecap;202203290707;E;0101;N;;0;202203310954;29;0;10;5796631870;;;;0;20220407;1;;;;;0,00
260000000;773777000;PIA;4683517471;H114034046;;101500155;1990;1;m;95125;Awapejmi;202201271121;E;;N;;0;202201272358;;0;81;2268257309;;;;0;;0;;;;;0,00
260000000;773777000;DRG;3230506156;H114034047;;101500155;1991;2;w;42052;Gumifolu;202202271238;N;0107;N;;0;202203010046;89;0;59;8839702921;;;;0;;0;;;;;1,50
260000000;773777000;DRG;3756930726;H114034048;;101500155;1990;1;m;31600;Iseorwu;202212070800;E;0301;N;;0;202212071600;12;0;17;1550736425;;;;0;;0;;;;;0,00
260000000;773777000;PIA;9533403307;H114034049;;101500155;1991;2;w;12095;Teompi;202204011141;E;;N;;0;202204012358;;0;60;4114996910;;;;0;;0;;;;;0,00