IK;Entlassender-Standort;Entgeltbereich;KH-internes-Kennzeichen;Diagnoseart;ICD-Version;ICD-Kode;Lokalisation;Diagnosensicherheit;Sekundär-Kode;Lokalisation;Diagnosensicherheit
260000000;773777000;DRG;2544808393;ND;2022;B20;;;U60.1;;
260000000;773777000;PIA;5832255269;ND;2022;B20;;;U60.3;;
260000000;773777000;DRG;8896571945;ND;2022;B58.2;;;G05.2;;
260000000;773777000;DRG;6810775041;ND;2022;R79.8;;;;;
260000000;773777000;PIA;8569972100;ND;2022;D68.4;;;U69.12;;
260000000;773777000;DRG;4283645704;HD;2022;C71.9;;;;;
260000000;773777000;DRG;5405232364;ND;2022;I10.00;;;;;
260000000;773777000;DRG;9248773938;ND;2022;F06.2;;;;;
260000000;773777000;PIA;3510623156;ND;2022;L85.3;;;;;
260000000;773777000;DRG;2714464581;ND;2022;B20;;;U61.3;;
260000000;773777000;PIA;9712580882;ND;2022;B37.0;;;;;
260000000;773777000;PIA;2547370335;ND;2022;D50.8;;;;;
260000000;773777000;DRG;9619452324;ND;2022;E87.6;;;;;
260000000;773777000;DRG;6299531073;ND;2022;Z11;;;U99.0;;
260000000;773777000;DRG;3294877006;ND;2022;G81.0;;;;;
260000000;773777000;DRG;8085955697;ND;2021;E03.9;;;;;
260000000;773777000;PIA;9776461211;ND;2021;K76.0;;;;;
260000000;773777000;PIA;5718029939;HD;2021;F32.3;;;;;
260000000;773777000;DRG;7157454920;ND;2021;Z11;;;U99.0;;
260000000;773777000;DRG;3842076247;ND;2022;Z11;;;U99.0;;
260000000;773777000;DRG;2998800412;HD;2022;H40.1;B;;;;
260000000;773777000;DRG;1778331401;HD;2022;H40.5;B;;;;
260000000;773777000;PIA;7792536424;ND;2022;Z11;;;U99.0;;
260000000;773777000;PIA;4190951073;HD;2022;Q10.5;L;;;;
260000000;773777000;DRG;2655811349;ND;2022;Z11;;;U99.0;;
260000000;773777000;DRG;1766486855;HD;2022;H40.1;B;;;;
260000000;773777000;DRG;1799868515;ND;2022;Z11;;;U99.0;;
260000000;773777000;DRG;4717710623;ND;2022;I10.00;;;;;
260000000;773777000;DRG;1070200493;ND;2022;Q13.1;B;;;;
260000000;773777000;DRG;3985623721;ND;2022;Z11;;;U99.0;;
260000000;773777000;PSY;5278646237;HD;2022;H25.2;R;;;;
260000000;773777000;DRG;5076465691;ND;2022;Q15.0;B;;;;
260000000;773777000;DRG;5147173619;ND;2022;Z11;;;U99.0;;
260000000;773777000;PIA;1466917554;HD;2022;H40.1;R;;;;
260000000;773777000;PIA;7521713061;ND;2022;Z11;;;U99.0;;
260000000;773777000;DRG;7941370050;ND;2022;H43.8;R;;;;
260000000;773777000;DRG;6881460183;HD;2022;H35.38;R;;;;
260000000;773777000;DRG;1075131869;ND;2022;Z96.1;R;;;;
260000000;773777000;DRG;3605809843;ND;2022;Z11;;;U99.0;;
260000000;773777000;DRG;218636553;HD;2022;H18.4;R;;;;
260000000;773777000;DRG;5960223222;ND;2022;H17.9;R;;;;
260000000;773777000;DRG;489343542;ND;2021;F43.1;;;;;
260000000;773777000;PIA;7326578256;ND;2021;C50.4;;;;;
260000000;773777000;PIA;738687379;ND;2021;F90.0;;;;;
260000000;773777000;DRG;7229598801;HD;2021;F60.31;;;;;
260000000;773777000;DRG;7857207120;ND;2021;F33.1;;;;;
260000000;773777000;PIA;4683517471;ND;2021;Z11;;;U99.0;;
260000000;773777000;DRG;3230506156;ND;2022;Z11;;;U99.0;;
260000000;773777000;DRG;3756930726;HD;2022;H18.4;L;;;;
260000000;773777000;PIA;9533403307;ND;2022;E11.74;;;I79.2;;